1|https://images.pexels.com/photos/2161449/pexels-photo-2161449.jpeg?auto=compress&cs=tinysrgb&w=600
2|https://images.pexels.com/photos/691637/pexels-photo-691637.jpeg?auto=compress&cs=tinysrgb&w=600
3|https://images.pexels.com/photos/417059/pexels-photo-417059.jpeg?auto=compress&cs=tinysrgb&w=600
4|https://images.pexels.com/photos/2161467/pexels-photo-2161467.jpeg?auto=compress&cs=tinysrgb&w=600
5|https://images.pexels.com/photos/2859169/pexels-photo-2859169.jpeg?auto=compress&cs=tinysrgb&w=600
6|https://images.pexels.com/photos/158398/niagara-falls-waterfall-horseshoe-158398.jpeg?auto=compress&cs=tinysrgb&w=600
7|https://images.pexels.com/photos/2432299/pexels-photo-2432299.jpeg?auto=compress&cs=tinysrgb&w=600
8|https://images.pexels.com/photos/2108831/pexels-photo-2108831.jpeg?auto=compress&cs=tinysrgb&w=600
9|https://images.pexels.com/photos/3769138/pexels-photo-3769138.jpeg?auto=compress&cs=tinysrgb&w=600
10|https://images.pexels.com/photos/464440/pexels-photo-464440.jpeg?auto=compress&cs=tinysrgb&w=600
11|https://media.architecturaldigest.com